"659","wolfi_works3","userAgent __ Mozilla/5.0 (Windows NT 6.1; Win64; x64) AppleWebKit/537.36 (KHTML, like Gecko) Chrome/85.0.4183.83 Safari/537.36
webdriver __ not available
language __ de-DE
colorDepth __ 24
deviceMemory __ 8
hardwareConcurrency __ 4
screenResolution __ 1920,1080
availableScreenResolution __ 1920,1040
timezoneOffset __ -120
timezone __ Europe/Berlin
sessionStorage __ true
localStorage __ true
indexedDb __ true
addBehavior __ false
openDatabase __ true
cpuClass __ not available
platform __ Win32
plugins __ Chrome PDF Plugin,Portable Document Format,application/x-google-chrome-pdf,pdf,Chrome PDF Viewer,,application/pdf,pdf,Native Client,,application/x-nacl,,application/x-pnacl,
canvas __ canvas winding:yes,canvas fp:data:image/png;base64,iVBORw0KGgoAAAANSUhEUgAAB9AAAADICAYAAACwGnoBAAAgAElEQVR4Xuz9eZyddX3//z uMzOZyQohCyGEAAmEVRBEBNyXioJW6wKtBUWQgAu0WrdP1V9p1VaLrQouEAS5ufRX0LZaFIWqULEICGJA1rCFBAhkIWTPLOf63l7XnGty5uTMzDkzZzbyeN9u3ELmXNf7/b7u5wz88Tyv1zthjI UdG/gBcAhwEJgX2AvYGbp36s9wXJgDfAUEP/ MHAfcHdC8kR Q0o6GTgUOKzsz nARKCt9Gf8e/5P3Lq14p9tpb8/C9wD3Jv/mZBs7tlc2tjnINnxHGP8LXR7CiiggAIKKKCAAgoooIACCiiggAIKKKCAAgoooIACCiigwLgQSMbaLlPSCMpfC7wcOB7Yp8F73AhsAlqBPRo8d890kdb/dBrrrjuY7Xccx5RnX8XU7Iki9m/MWAH8FrgJ CVJEkvWNNLFpDVd Dy7KFnCmPu8P8 IfRwFFFBAAQUUUEABBRRQQAEFFFBAAQUUUEABBRRQQAEFxrXAmAgUU9LjgD8D3lyqNB XqLcA/wVcUyp3r/oQLwReCpxQ opA474eEAF6LP1fJElspc9hgD4uP15uWgEFFFBAAQUUUEABBRRQQAEFFFBAAQUUUEABBRRQQAEFhllg1AL0lDRqsc8AzgIOHubnHLbpo0/8lcDlwP2DWSW OnAy8KfAEYOZoOo9sZXY0pUkSWyx1zBAb4Dz6d ZTNu2q0nSk3rjJm/gssXXNWAFp1BAAQUUUEABBRRQQAEFFFBAAQUUUEABBRRQQAEFFFBAgREWGPEAPSWN88w/CJxTy7Nex0rewLXZpe/hIJaxnm/wMo5kRi2393tNzH0Rf RqXpdddwq/4ETmcT6HDzj33cDXgUv7vbIT AUwD2qYk9eXavCjDj9Oei8fG7bCv1wDp5wAh8V8NY/Y4tdJkthyNr66 DXpdRzG1SxhMttrnmi8XriZVk5hMddy F x5JyLhvwciy89H/gMSfo6Lj13aa/5zl7yTZL0VRQLr JbZz895LWcQAEFFFBAAQUUUEABBRRQQAEFFFBAAQUUUEABBRRQQAEFRkygeoDeHQKeW9rFmiwoTJOTKRYuH2womJJGffXHgNNqfbqlrOWLLOUyXsFvWMVp/IpfcHLDwvMI5k9iPt/mVbyXG7mWx/kqJ/QboN8FXAh8b8CHyMPzx0v92gcO5XumbCsL0v8C6OqEJb APz4O559Ub4CeTxtbvpBzlrwqMvSTsi8O7BoBeg7QkDPQu8Nz g3i33fZnhSK/0mSfmCngH3Az40XKKCAAgoooIACCiiggAIKKKCAAgoooIACCiiggAIKKKDAaAn0DtC7g78bSZNH2NZ2Ct9992Z2tKo tmrF7QA7T0lnAX9Xqjqv6zmjOvw 1vNNXlbXfbVeXE8F mrg70tV57XOD3VWoFebOHL39wBv3wpXDqoCvXLWr3/ nNd 8P/GYAX6UuZxJ/M5g5trJ67jyiEH6OdcciTFwlFctji69vc/4ncpSS9gW9tHs98jhwIKKKCAAgoooIACCiiggAIKKKCAAgoooIACCiiggAIKjHmBHQF6HpTHlvPwvHz7Zy85g0LxznoqalPSDwGfB6YNRuL9/Ca7bbQD9K8BnwI21P0QDQjQ8zXnboWF18D/OwHeWFcL95123XbOa1nIYdw6hirQ8zbrJ3IP5/OruqVruWHIAfriS/8268JQKJ4aVfykVc477 7e8I5S14ZXkiYPeCZ6Le O1yiggAIKKKCAAgoooIACCiiggAIKKKCAAgoooIACCigw gI7AvSork2TOLD7s322p84r1OFg0uRamjvPo6vpp R/j C9bdvLWJ/ /J2/XLDiZevm7BNV3p/iKN7CddnTRgv2VWzNzjWfSVvVluxPs5VXcQ33s75H6OecxBwmciq/5Cpe29PGParU/6pUsXwwu3Mjb2ZPJpLPcRoH8hXu5lhmZ2edX8792fVx7Sd4IT/gkV5noJ/AntzM01k79/3ZnX15MzcyEVgJpbPYuzd1Qulc863ANaW/PwbcC8yH0rnqvc9Ajy8ExOu7l3q0x7zlYy0QnNvKfhj93E8GJnWvM kEeP16KNwMM4FXHAp/ TK4ZyVcdC0cPh/ 4qVw8c/gxBfCdX AVeu7f774ddDaDOe8FjiMY7mWZXyAZ5nCz7mICK jCvx1fJiZbOITXMdePJf9PB9PM41X8Tfcz5zsml/wZeawIfvZGqZkfz Slbyfv QSXpHd9lWu4lRu77nvYFZxFZdxKmdn87yHW7iV/bJ/jxGv38i/sGfFVxbK144W9G/gj7yY5XyWk N882yds/i//Lzz7O8Rxvfcl 71hizM7n1EQf5o9/d7bnn3Z/8slpzzjzX/2tZTsV7zpF6ogAIKKKCAAgoooIACCiiggAIKKKCAAgoooIACCiiggALDJbAjQD97yYkk6c rVtWWr76jUv2insraCCRjXLb4/U 0bDnvuo4VX9lIeyEPtuOc8QivP8otXMK9nMuhWVX5QBXm5a/ngfgatvWE7uUt2CfTnM13I0/yA/6Ed/I/WQCfrx2vx/V/zc1ZyB4jQvoFTOsVoN/GM9n8v2Y3/opfkDIFOC6L/iH6qUf19x9LQfifAP8DPUH/ScCMskA9AuG4L 5ZCFwPWTv6uKZy5NXq RoR2EcldoTncX15UD8PJq6E426GH74Z9pgI2zvhjkfg8H3gX67pDs3n7A5/0/2s2c9eeSi85vBSgB5F1H kiSW8lHcwhT2yM9H/gZN5F7f1hOJf4epeAXpMlVeLRzidh uPZGk LGBNFp6/lT/0CuS/xxW8jIeycDtGrPVR3sEhPJWF3ANVoOcheL6f6ziM0zgzC wPYHU2b169Xj5XeaDe89nOK8m/dfbTdH/uvzfg8QSDCcMHE7oP12 68yqggAIKKKCAAgoooIACCiiggAIKKKCAAgoooIACCiigwIACOwL0xZee32db6sppygLzsjPSFyy78s9v39zecdqdrOUMFhHV4RFaR3geAfZAf69cpjJgX8rangr0A9iNU/gF53M4J2YBNT1V51/hBF7IjCwgj3 P1zfTudP1fZ2B/kcO57Jsxgix4zzuCKHLq8XLfx7X5RXosY/yoDsP0CcAG4HXV8xT/sRxX3nAXu3v5euUAvdD58E/Hg4HxJ6isHwebNjaHZifckL332P86o/dVepRhX7 iVkFOiwBtgOvYR8O475SqB2Xf5Pv9/vhuYjXcB979Vx3MwuzyvNNtPZUmpdPsFM1OHN6KsTjuoEC9Mr1IlB/G fyDf6t3wC9agV6vrFaui6UX5uff553YkiTG NLIz3PuePnj2THILRun1J31fqAv7JeoIACCiiggAIKKKCAAgoooIACCiiggAIKKKCAAgoooIACwyVQfwV67KS7avcrWcvrJF34ssfmLFyxdOMllz7ziklPsYWjmJG1WB8oMK98vfIh wvQ5zCpV0Ae9 YheQTmp7Kw1 t5BXseqMf1lQH6m/kFjzOPh7NK8xjRUj3arufBd14l/nhZG/a4bqAAPa6PERXq/Z1fHmtFe/dYv3Ltigr0bL4IzaMa/nXwhrvhiwfDEROrB gRnkeI3keAHoH6CSzhM8zidD6ctWOPNulRKT45C9l7j2j1/gHexX9ySfbCbziAt/P7rAX8qSzmKpZkgXq1EdXjb D8ugL0qGqPkQf7Qw7Qd3RSeLxXCN7Xb1p5NfnZS86gULyTYmFO1rVhx huA5 kb8xej5Em72LJOZ8Yrl9g51VAAQUUUEABBRRQQAEFFFBAAQUUUEABBRRQQAEFFFBAgcYJ7AjQdwSKZNWz33335l7LRGgeI86Q3lFp 9evu2fvl/3XzX/yno9x6z7x8kuYzTtZUFPF VAC9LwCfT5TsnbwMcqrzCsr0AcK0H Xxdu/YGsWcOcBellAzS3AI6WW6hFm55XpsfJAAXrMGcF4tWr2cuXKM9DLA/dqAXr sxdmT8/co CTwHv6qEB/an33eemlM9DLK9DzivR92c6/A/uXzjp/FQ9WrUYvrxg/huVZyB6BeWWr9Xi6 Fl5wP5F3pCF7e/gnJ6z1weqQG94gN7dRWF 1c96X79feev3JF1IobiZS89dWvXSs5e8nTT5DYXiqaTJAz1HHTTu99aZFFBAAQUUUEABBRRQQAEFFFBAAQUUUEABBRRQQAEFFFBgGAR2BOgxed7SOk1u6xUsdofnb 1VqXv2km/u9fCkoy/ 1QnHvp39s2ruN3AtX WErK16jOGsQM8r3OOc9Z9zUtamvbyifBMdO1Wo52ekxxnoU2jJWrpfy Mcy3xu41XAjZCdeR6BfPmZ5NG /ZfAa0vnkect3F8JBGHcd0KpurxaC/c8lI8K803dFeM0V7ydsV6E9C/qo817tQA9pogK9N XnZUOnLIV9r4GXjS3OzCvbOneT4Defeb6bZllymFE6/S qtCjkjzOTP9zfsd53NDzPBF238gibuRf2JMNxHUxXsgKLuDNfIkfZoF7zP1ZTt7pHPPyQD6fNK9a/zkXZWedV6tAn8 6LOzPr417o3X8qdze3VY 3esNWZjdfVzBZ3qdex5V5dvafrDTF0fK36X8HPS4rm3b1STpdSw556Jeb2QE80l6H8XCVSTpBWxr 2i/cw7DL7VTKqCAAgoooIACCiiggAIKKKCAAgoooIACCiiggAIKKKDA4AR6B gxR15dDgf3TJkml1S2uT7/kJs/c/19K/4hwug9mdjr/PEIsyM8j3A7xknM5wT25NNEnXf1v fnpMfrebX4/azPrp9JG7/Igl16zkCPAD1G ToHszuxnxhx/nl fx6w5xXqEZrHnH/NC/gRT3N7T6Bd3qK9e6c7Wq5H H1viSSqybeVwvQIxJ8r/TxC D9Aad8wC1hdei0C9niefI7Kdu6Va f6h5ZC9ahy7/bova8I1u8AjisL5bfCrGvgPXNhQ2m9U0 A1xze3cb9qu73pTt8fxh4S9nf7weOAhYyjU38mi/32Yq9WrV5TJRXk19b iLFufyaC7im52z0CMEjTM9CbeKceLJK9AfYk7/iVOL6amewR Aer djJpuy8D0q38tD87/gdzzHxCxo7wnPS sAHwD IftYlY80uZY0 SyF4jVUfoGk/LoI3/Oq8u4g/qsV87yBbW2/oW3bZRSKX yzSr3XTf5FAQUUUEABBRRQQAEFFFBAAQUUUEABBRRQQAEFFFBAAQXGgsDOAXoNu0pJ41Dw62q4tKGXLGXtTgH6UBa4HujuSz8WRgTo0SJ UcVmni4F491fGNh5RNv3 Kf8vrJq9c/Ng09V3HVO7W97vMnxZo 1UV6B3tdZ65V7TpZk7QIGHnkL9m dHfg7j 7273Gcwft3erG7i0NUn59qeD4wtVcooIACCiiggAIKKKCAAgoooIACCiiggAIKKKCAAgooMJYEagsUy3ackkap829H4yEiQP8iS7mMV2RnrA9lRLP044cyQcPvjWrwqDDvPs 9e0Sofjfwgiot3/NrbgUOKFXD5z raPf duCfgQWl1 sI0OOOeLPjTR9LY1gC9PwIA/jsTq3ZKx8 jjVI0p/vZBKV7NvaTrFt 1j6tLgXBRRQQAEFFFBAAQUUUEABBRRQQAEFFFBAAQUUUEABBWoTqCtAT0n3Bf4XiD9HZJS3Xc9btEfL KGM5UCcXh5/jp1RrYV7W  zzXs2GxXnPy21ka9sBZ H5xXt3g8Bvl/qzl5ngD7ib/oAb0reOj7av5e3cR/ovay5An2giXxdAQUUUEABBRRQQAEFFFBAAQUUUEABBRRQQAEFFFBAAQWelwL1Bui/Bl4 3iVeAdw03h9iMPufDfwIuLKutz1bKd70ePPH8zBAH8/vnntXQAEFFFBAAQUUUEABBRRQQAEFFFBAAQUUUEABBRRQYPgFak5SU9IlwNnDv6XhXWFxHF09vEuM/dnflMDc rcZb358CMbrMEAfr  c 1ZAAQUUUEABBRRQQAEFFFBAAQUUUEABBRRQQAEFFFBgZARqCtBT0nOAS0ZmS8O3yqXAucM3/TiaOYE3AvvUv X4EMSHYTwOA/Tx K65ZwUUUEABBRRQQAEFFFBAAQUUUEABBRRQQAEFFFBAAQVGTmDAAD0lPRS4C2gauW01fqV7gSOArsZPPX5nvAg4r 7tx2HtR5IkQepQQAEFFFBAAQUUUEABBRRQQAEFFFBAAQUUUEABBRRQQAEFnjcCtQTo1wGvH 9PfCJw/Xh/iOHY/ eBv6174utJkiB1KKCAAgoooIACCiiggAIKKKCAAgoooIACCiiggAIKKKCAAs8bgX4D9JT0Q8DF4/1pvzaoQuvx/tR17P rwPl1XN996XkkSdA6FFBAAQUUUEABBRRQQAEFFFBAAQUUUEABBRRQQAEFFFBAgeeFQJ8Beko6C3gImDaen3Q1cACwYTw/xEjs/XLgzLoWCtIDSJIgdiiggAIKKKCAAgoooIACCiiggAIKKKCAAgoooIACCiiggALjXqC/AD2qiz843p8wSui/Pt4fYqT2fxVwSl2LfZ0kCWKHAgoMo8DpS5nc0s6ehQJTCinNxYTsv91pkWJTwtZCC vmHMGaCxKKw7gNp1ZAAQUUUEABBRRQQAEFFFBAAQUUUEABBRRQQAEFnvcCVQP0lPQIYOl4f/q7gCPH 0OM5P6j18B/A6 sa9EjSZKgdiigQIMFIjhv7WR IWUisKW9yPquVjZO7CCNpdqbmNBcYHqxi2lJF4WOFp75zpE8SdL9ukMBBRRQQAEFFFBAAQUUUEABBRRQQAEFFFBAAQUUUKA gb4C9O8Cp9U31di7 nTge2NvW2N7R4uAnwELat7m90iSoHYoUJfABSmFCyA17K3O9oF7mLN9C3s1N7Np3QSW/ Aw2vsDfu/vmZXA3EJK 8RpPHLxgWyv6w3xYgUUUEABBRRQQAEFFFBAAQUUUEABBRRQQAEFFFBAge42wOUjJX0B0KuieBNr2cRq2tlKWuoQnFBgAhOZwiymMGPMUd4NRBl9/eNpIP7pKN06AYh/NgFTgIPqn7KhdzwGrK3YS7WfDWHRtwM/rOv I0iSIK86zriNOc1N7J00sS3p5MElx/Tg1rXIYC8ezfXPvZP9OovMKDaz6YojeWCwz/C8ui8lefdS5rZ1sgfw8JJj2DKWnm/x7UzqLHBgUqDAFpZffgLrRnp/71vKvKTIzKYCT15yJM/Uuv7i22kBFqbNNLVN5iFD9FrlvE4BBRRQQAEFFFBAAQUUUEABBRRQQAEFFFBAAQUU6BaoFqBfApwTL7azhTU8Sgfb vVqzWL0BTRl2c3YGOcCl9a9lQiml8fJwmV3tgGtwHO7ToAeT/854FM1A15KkgR51TGaAXZsaDTXN0Df SORB9TxSnORZQbovY0W387MpMDena2suPyw sP7V91A84IpLIxZ5x/DMs9Fr/m/Y16ogAIKKKCAAgoooIACCiiggAIKKKCAAgoooIACCvQO0FPSmcDqcNme1Zw/QhcdRLX5FGYylVm0EIFyd7j HKvYwvoscG5jKrM5ILt2tMcaYNagNrEKeKJUcR7506RBzTK8N41ABXr AD8BTq75aWaRJEG/0xjNADs2M5rrG6Dv/HkY6wF6zZ/4YbjwjBtoa9qDA1pSnr3khdl/jAY13nkzE3dr5cDmJtYOZZ5BLe5NCiiggAIKKKCAAgoooIACCiiggAIKKKCAAgoooMA4FuhVgZ6SfhS4MNq0r KBLCSPwDyC8easCnvn8RxPEf/E2I29sn9Ge3wJ NigNtHgVuiD2sNAN41ggH4o8D/A3IH2lL3 MZIk6Hcaoxlgx2ZGc30D9J0/Dwboff8 vftm9m6dxO5x1MGzE0mmbOcAirS1wFNLjin9h7bK7WHalbKAFlqaOlkV1y6 nb26UmZsmMSDA52fXtNvuBcpoIACCiiggAIKKKCAAgoooIACCiiggAIKKKCAAruAQGWAfh9w8Eae4VlWZtXks1iYVZf3N55hGVvZwAQmMYP9WM3DWeX6TPZnErvvdOs6Hmc7m5nDQTtVrG9mHWtZnrWD35NFWQv5qIaPc9ajUfyzrMiC/ZQ0uyYC 6iM76KT9axkM8/yGoo8nFXCTwfmRaPoAd7KOOI4WrcXK66LOfYFNlQ5dzy/tLNUtR6V PHvMWK9eO69q6ydB DxWntp3lg3vqCwoKzqPRoBxFns20tzxuv7AM8OcAZ6XLMC2FxqRR9t9eOo6Tl9OMTx0/EFiDjjPd9/fCzi3Pc94S9nwffKWNofg8610DQFmudCx0oobqUp3fbYGfe99G1NSYb1ePk55/0F2ItvZz4ws5jQOWEDj3zj1dlGBhzv/T2zCl3smRS6v9mRFtnelLCivcjEOG 9/MzxyvWbJ9LasZkD4r6WyTz0jcN2XnPx7eyWNrF/WqQ4dTvLNk8gKT8XO5lKS7GDOYWU5kJK2lFgW0uRJ5Yck/X67xnlAXpzByvSZuZ1djKlKSFJCnQ1wfr717Pyxlf34Gf3nvkbptLK3DRhclwba3SltBebePrbR3d3iRhonPk7DioUmDJhAs984wXZh6LXuCCl8OQdLComTG5uYlV5pfJ5y5i2eT17JS1MSroodMUvXJVnPOse9mAL 8YeOwusuuJonuz1/H9g784u5iRNbFvfwrKpnexf6GRK TVpE8VazxqP9uQLd2PvQifT0yaa4t6mzu7PXGcLC2Luzi6euPJYop0EA32B4cylHBT3NBdYe8lRxC8n1c5Az cZyLx8noGurXw9nm3/3VjUtY3nvnMCT8RnvKXIPsX4rDSxLUL18t r8vvzz3jpZ1vmXcMD97yT5mlbWJR0sfpbx2X/MXEooIACCiiggAIKKKCAAgoooIACCiiggAIKKKCAAgoMINAToKekxwG/jevzQHwi05jNgQMixhnpUbUeAXqMtTzGJtZmwfYeWT66Y0Sw/jQPZgF7VLbH enlI9rGb HZnnujEj4C9AjxY524r3xEyD deWxkNR1s5U7gz3pdMQ0GfIbBBugRUj9SCsKrMUUIHaH45LIX8wA9fhbhdX7e kRgUSnkzq pnDMPtiNUD7eDShfk10eWHGF8b6Pui2L yIxjT/mI534c6OrjPY719oKL9oLzSpfkAXrSnKXW5V86OHTtD997wuov3N3VwdZHt/JgHgr3FaCf XvmNheZU294fsZv2a95AjMqNx1hagE2p11M7S9An/siuvLguH07qyKsrJzrA3ezT3s7s5sKbLj0KJb1ClW72NiUMi2CzV6f7ZS0slI4D17TZrYnndm3OuIbDZVjy0MbWJZ75aF0Uqh HkKasObyo7NvfPQ73ncLexaa2TspsO2B53a8H/lNH7iHKdW SBCVyx2wV4TilQtEkA sWXJM9sHJRk9IndDZ1srD RcSzryfqU0bWJg5TWJ5nOedB9bl89YaoL/zHibs3sGBaVfpHImySZIutmXzwKTRDNBrfW qvXHxpY04trxzG49d8TI2lr7g0LTkRXR  Le0ffkEtvb1hodNvHbYoXQ eQdt bnyi29nYdJEIT7DA31efF0BBRRQQAEFFFBAAQUUUEABBRRQQAEFFFBAAQUUUIAdAVlK kXg43nAHWH1dPZmWla5XN Ic9GjcryZCVkVeVSK5yOvMI/APeaONfLRSXsWrhfpzKrXJ7Jb1ko AvQY0UZ D/bJfr6NDazhsZ4z2iOji2r0zzGLC7NAOELlKExtAuI88/6r6Lv30FcL92o/j6zugVIIHmtE6/r85PUoEI4C2KjoLg/Gy9eIf48QPQL2yFUj9I5r4xjxyCYjp8wr6MMvKs9XloXj1QL0mDPmml3aT/w9qsufKQXdkTnvV KO6vcHSxXusY otI/1Y92opo 14ppWmLsIbprQvdU8QI9ZkhZomQvNMyDtZNLm3y1514MvXRIha6GFlZccmS1ctYV6hLSxyXrD87NuZg8msW9URSedbOzYwuNXvortZ/2W6Ulr1m4g 7D1F6BHFW8eLkfl KMV4XJeCdxSpK3YyRNRvZsH6FFxnimntLc3seLKo1gfQfTWjcxvamFisZPOjjYe u6RWQuAnnA5/r0poTNp4qlLjmD14juyeeYXE3aP6u6W7qr9NeVV4YWUze0beezKV7Nt8e3Zc2XXh1lzkWV5SNrXb cZj9LWvI5FaZGmrmYejb2WX3tuqTo81pn7Ih68IKH4/ruY3r6d/SK8jy8PTNrKyghuI6CdvpU5HTAzNlL /pYH20kTG/c kodinZW/z77hMamyKnuwLdzPuIUDm1uYFl0BulKe2u/FPPPkHTQVu5jX1cT0PPAfjgC9v/8C9nyBoMimRzbxcGU3gVr/6/m u9kz6WJmf5Xmtc6VXxdfXkma2aPyM17vPF6vgAIKKKCAAgoooIACCiiggAIKKKCAAgoooIACCuwqAuUV6PcCh0R79KdZllWUz2BfJmftv sbcW8E4e1s3WmOqDCPQDwKWVtozQL2qCKPsYk1rOVxWpnU8/M8QC/QtFM7 fU8wXOsIg/PI0CPY7ujD313dXcUXUaYnnUJr Eh6gnQ15bavgdhzF9ZEB2v50F4hNP56/kafQX7EcrHFwaqVc5vBB4uPVO1AL1UMb7TOfTRVTsC/chso6NAeVBf/rNyouj4HIXZsc8D4exJsKQ8QC9A6/7QVNaiP22// y7Wt8RFcLllbiVFeilNyMLz4uTefSKg4kHq2mccycHdhWZViyyaf4xLIvQN78xr3iO1t4DBejnLaN1 3Ms6kpprgyXK9u3R4BcEaB3VLabjxA5a5ddoLWQsjqv0O6pQG i2LGdx7/zEuKDkY0IxdNmFoVX3mb9wzcz8bm2bJ4CLd1V2/n1 Z7jSwLlAXZ/cGf jgWFAtOLRZ694sVZu4Rs5F8SaEqZOKGNJ75xWHfL89yXTtZ96yU8Wjl3tdA9rilv5X7KXYkAACAASURBVN48kSc7tzKhmDArb91efgb3YAL0vFo XKo9e3mL9ZEM0PMvgkSHgWhRP5SzxuP3pNDKblccmX0zp2eccQNtE6bS1Vf79p7Px7XdxxlcfFLPuQ/xGZvZUWB2S/cXLqq1pqjp986LFFBAAQUUUEABBRRQQAEFFFBAAQUUUEABBRRQQIFdRSAL0FPSQ4AI0LPzxYcaoMc8G3iaCLgjgI9z0WPkFebR6r2L9qwle3kb92gdv42N7J5Vvu Z3ZMH6K1MZg4H93pf8sA9ssZoNf8Ik7MAvXtEVhQV1ttKZ5HXUklfT4AeHbSjWjza1kehbfeXAHqPPAyPLyHsX3opX6Ot1LK9vKN3dGiOPUcmHKF7tS8vxJcCorK WoBebc5YNgxi3qiIjyLtqFAfaORt7eMjEqH7ZPgR8MbSGeiFNmhd1F2FXjZesOpvT37Jk//0dHnVcXmAvn0L61smMTvpoqve8DyvqI7QO6/YrnyKnoC9mU15ENlnC/lSuFxZIV3Zvj3WKA/Q zrnOr8vvr0x72geiHA/D3b7OsO68gzu8lA9qtyLnTzz0FbWDraq d23MqOpiX0LLbRvaObBPOA94052b pk/ziHPc54jy8J5L4RUiddPFp5nns4nL6UyW3bu89E2NbKsrzSPv5e/mWBYmf3ue156/by92kwAXpUZ9POvDBp3Y0HLz5wR0hc f6MVIA 2C4Kff3mVQbo0Y3gids4oNjK5KZOknboKBRYW3yOddGVgJRk8R3ZN21mpk1MzY8UKLaz5tvHdp95b4A 0H/nfF0BBRRQQAEFFFBAAQUUUEABBRRQQAEFFFBAAQUU6C2QB gfisLFeCnOEV/Fg0OqQI958rA8qsPzNu4ReK9jRdaGfTubs4rzvI17hOlRtR7V6HF9tH PkQfoEcRHW/fykbeDjxbxcc8lTOg5qnv4A/Q8HC9vi1758aoWyPcV0se90aY9Xo8wPjLK7jPle4/IxaIzerUAvfxn5XeVt5uPLxLsaJvffVW8HiF7VL7Hn9F9PP6Mn8deSmH ccAvS/tvmgKt RnsO9baY8NPPvu2h97842oBepxRHcFqtNqO4LavkLavX9L338T09jb2i3n6amGeV0gPVIEea QhMhPoyMPl8vbt5ZXOeejbXKSpr rvLKyE RHybniUB39wCu097b3LAv3y56sM0OO1smC2/Azyjs52NkxPebq/s7Ar7eJ5DtqNRe1F2sq/dLD49qwd/Kz8jPe4L/ft6 z18rmrnVteeUZ5X180GEyAftbv2TdJmVn vpbvp7yifiQC9LziPttD6Xz3of7PpbKFezh1FNhv9208 uXj2XbGH9itpZ3ZTGBStOWPLyhEqJ4UWb97J2vicxH7SraxZyHloag4j1C ZQIzGtkWfqjP6f0KKKCAAgoooIACCiiggAIKKKCAAgoooIACCiigwFgWyAP0q4BTYqPlZ6DvztzsXPHBjnU8zkbWZG3cpzCD1TycBecRdsefa1lOd2X5QT0V61OYyR5ZS/TukQfocX9eyZ6/lgfo Vnr76KFq3vuHO4K9OEI0POq7/4C9Oi0Ha3VqwXo/YX51fYbQXm0mY92932NsgA9LrngMfjYWugjQG/dcuvPTr//uM9UC9Dj9mjb3lSgM9qWl1dq1/IZy88/jzOw wrQ82rzWgL0auFyefv2zj148Mr9s28S9FSgZ HyFpZffsKO1ur53qvtbzABesz33t8zKy0ypzkpfZOkDCjOLH92Io/U2i68sqI r3Lv7KS1PFQvP19 oPejWoAe9 RBd/x7cxOrLnlh9mHtNQYToA/kGAvkX0YY7gD9AzcwpX0aCyLEbpnAE5ccmX2jZcgjPntxHkTnNh674mVsjHb myewb tuPFpZcd/XYvEeNk1g9oMbeSi6Fiy nYVJE4VLj8rOs3AooIACCiiggAIKKKCAAgoooIACCiiggAIKKKCAAgoMIJAH6JGi7pNfG0H3FtYzkWlZa/SBRt72PbLFCL8nZjkQ2Vnnz/AQbUwjwvioMJ/AxGzOTrZnfy9SzNq4P8eTbGNTVmU iR3natcToO9PS3ff4myMxwC9lgr0p4A403ywFehRfR5V6FFtHkdi58cix1nokWlHS/apJcOVpT/L2slPfgz Zy0cXb0CvbDtnqfOvPfwN1cL0CM8397Oo627kzZtYGGE0Z0FVl1xdPZAA45GV6DHgu  mb0ntDInr8Su1r49rstD3yw0hceXHJP17 818gr05ma25xW/AwW/1SrQyyeNEHV9MzObJzAt6aQ1b9OddLJx72N5qPwM L4A8/PDI/SOdu1rm5hUra17LV9Q6O9Nev9dTG/fzn55BXu06e axsOVZ9wPJkAfqAK99B4dXEyYPJwBeh6eF1LiF apJccQv5ANGXkVfdc2nvvOCTwRf180lQO2dbH6Oy9hbS2LRAeG9g5a47z76AgwbQuLki5Wf s4nq7lfq9RQAEFFFBAAQUUUEABBRRQQAEFFFBAAQUUUEABBXZ1gSQljUQ1T0ozj02szarDIxCfxULaegLV6lxx1vlzrKK7lfqBtDAxuzClWArJu4jK8md5gunMzdq2x8jPPJ/Knlk9el5JHm3c81FrgN7JIvbNwt98DHeAPtAZ6NH PM4djyrvamegV2u3Xn5WeVThz6wC/jCwvo8APdwXRe1vxX1xtnoUoMYZ6Pm85WexHwC0VtwTRbXxsYjvWJSfx/4YnLMWvlo9QGf7A7xy5YdPOmTjz 675KisHz3VziDPW4hHgr 9mYfLz9Lu65ey0WegxzplZ5unEzbwyNbdmE9Fu/OK65r7qqzOw/eoEF9yDPfHfUMN0Mst4kzslXexL53sEV9G2G0bD9bSzj3ue/KO7IMxqdjJE8UmJhcKTC8WeTaC1nyNCOufa2NRf18S6Ou9yaraiyxKm2ijmXVJSkvalf2Ho c8 PzewQTo5y5ldrGDefF5qXYG nnLaN3 HIuKCRNqDdAzz98T5xBMKv/CR76/ym4D5S3q 2pPP9T/oUQAvr3Ibo8 x4OlCvK9OgpM39TKQwN1HIhwf/sU9mtKWBHn18dRAF0pM7o28VB2ZrpDAQUUUEABBRRQQAEFFFBAAQUUUEABBRRQQAEFFFBgQIEI0N8A/Kz8ygi I7iOyvIW2rIK8eadAtbuOyL4XsvjWVherc36Bp7mOZ7KQvU45zwC9gmls7038gzPsjKbO85Mjyr1aezZa9O1Buh3sog3jWiAHgWhEaJHwByhdLRPLx/xehT2p5DlfrNLL/Z3BnpcEkH3hlJAHtX/O75M0F01HgF6BOHVKtDj2mp7iX2sLlWXR44aleb9taCP8D/2EetVtHCPTHzyWrhtChy68xnoEaDvv/5H55/41Cev6S9A76mOLdDa2cGGK4 rrcX0OXdyYFeRadXuiUrrbdtZGNXBtbRwz9 tmLMU9q5Jm9gjKqcrQ9qyoL05LbJ9wyQeLA80z7gh 57JgdFyvX07q6KCOOavN0DPq zjfOuWyTz0jcOyN6FnZGdvd7BvtLGvNUCPm993C3sWmokvy2zpaqGZlJbKVvR50B5V3H2118 r7JsSOqOaPQ/wz/gt zVPYEZXB1sf3cqDh86mLX8vKr9wMJgAPcL9ja0cGO9tta4FZ/6euc1F5kSFfq8A/Q/s3dnFnDiXvsp7ulvaxP7xhYGBAvSweWIpB8TnJGli495H1lb9P B/gSsuiM9R0x4c0JLybLS/z9dNOrNfxIfjXPNqc8Znf/uWLDxfG1Xx77yZibu1cmBzE2urtdGvd19er4ACCiiggAIKKKCAAgoooIACCiiggAIKKKCAAgrsKgIRoH8Y NfKB47266t5JDsTPSrCJzOdqczuCb/j9ag635qFvZHGRdB YFZFXj4iGI9W7dGyPYLzOO88rzDvYCtPsyxbI0L0OBu98v5aA/T/P4v46IgG6BEyRwgd54c3QXZW/KzSo0dYHWeVR9BdWRU UICet3GP aOANwLxCLyj6jwa1LeX1qgWoMdLUX2e7yXWjyrymDOC/Nhffr58FB7Hz P66N4/vTRvrBP35OtUCdCjm/Qnp8A/VQ/QZ27 3b  4/HTL 4vQI/F8jA2/r2vtuiVn8vyc7pTeK5rAyujuvaMO9l9Qhf7RAVy3FNPgJ7vIynQFQFtIWX9kmOybyr0jPIAPX4YQfHEqTweAXfWIj1C7S7aOlPa2ciyvOK33gA9P5e9K2Vi0sS2tm2suPglbCQhPfN piYb2Tcp0Fossmn MSyrpYV77DcPoEvfoqApYesDpSrn8ud8963MaGllftJFIZ4x2Z0V0YI99rVgN2Y3JcyuDJzz1u2FZtKki0ej jnmjGrqCK8rW7mXt8NvbWFlrWeI510LohV9Czwz58ju9umrlrJXB8yOPcffywP0eJ5oV9 UkMT7Gt9qWfIiOhffwYxiwtzsyxYJSX8B j7Hs37F71mQkJ1NseW5Nh4eqBp8KP8Dic9jUmDvzlZWXH4Y68J 4TT2K3QxpRPWpptZnX2 UpIz/48pyUT2LBSY0pXyTByHkIfuXR0k9XxGhrJn71VAAQUUUEABBRRQQAEFFFBAAQUUUEABBRRQQAEFni8CEaB/DfhgtQeKkHwNj2bV4f2NCMZnsaDPKvV1PM5GVrMbc9g9K4LdMfKAfCqzsvPTK0etAfrnWMQ3RzRAj51Ge/YIovvyiSx3AWQFvfkYKECP6yIXjH8i9C4fkQ9Gq/VoyV4tQI/XInivVqQaYXy0as8r2ivPQC9fJ6rqI1CPL0d0Va g33sK/OGgnbvMb3 AKduW/eC0R9/88YEC9Czou40D0mamVqvq7uszl1c7V74eVdkU2BhBZz0BelYN38miOGO8Kyq/q5xxXt7WO nK2mFPqlw/qrILzTz zSOybyZko94APe7Jqsy3ZEF5efuB8uU6ot38N17duzp9oP8oLb6dhcWE3eO6QsrqJcdkLRJ2Gu9byrxCB7Pz89arXNITIpe3bq cs7xFenlFe3ZPM4viCwelvaSFGoL0mK8syO61rfjyQ3zs0yaaygP08srxyueILygknWwLk/4C9Oy SeybB/T9OZfmfDAqxfOjC6LdfnORZUuOyb5tU9OI9yApMrOpwJP5FwzOW8a0zevZK4FJ Wcj5p6Q8NzaCTwZoX7YAgvTZpraJvPQxQeyvaYFvUgBBRRQQAEFFFBAAQUUUEABBRRQQAEFFFBAAQUUUCATiAD9GuBNfXlEa/YNPMMW1tHB9qxVe3YjhSwwj5br0bq9v5EH8RGQT8yKOHeMOBc9at1nsB TurO9XqPWAH0xi/jpiAfosdWo8o5u3VHcGv8eI6q641niywKV55HXEqDHHFHEG/NGVhtBeoTjUSke2Wy0h68WoMfP4prIRSOri/siT4uz1KMqPYLx8hFfAIiq9vzaeD3C/rh2Wlk7 QjT44sAMcr2f FB8NGKKbc/QFv7ypvOePh17x4oQI87y9uud7az9srju89NH2i89/fMKnSxZ1Rjx7URwMfZz4UmpncWmVFPgB7391Q3N7N9Q3Pv9uyl1yd1FjgwCy5bWN7RwcTWdmZFYBvBfVPChmcnsqKyMnkwAXqsd/pSJrel7F3sYHIelmaV3AkbNk5i5WAqoPNq7OYmiuWV4tWse8LaFiaVBccdxYQ1VxzFU1ERH/dVtm6Pc7vL51t8OzvapDexKm8nHlXrHR3ZhzU oPR1rny1vUUwPaHArOg2EK3u4wO8uZMnJ7WxT9YFoIsnrjw2awGRjayCezf2LnQyPXu/mig2dXa/XzPamRufl7EWoJd N Zs38Jezc1sWjeB5QO95/E7kZBV1bdPnMYjhucD/VfE1xVQQAEFFFBAAQUUUEABBRRQQAEFFFBAAQUUUECBnQUiQL8deNF4xzkGuGPYHqLW0HvYNjA2Jz4cuLPKdwTirUiSeEtGfLxvKfvTyR7V2rD3t5kzf8eCQoHpxSLPXvHirK1Ar1FegV55dviIP6QL7iRQXtVeGaCPJld0E0i2Ma Q8lA9Fej5nuOLFK2dzC kTOxsYfMEeLbYwaa5G2l/DJo7JjJhcjO7dxaYHl906Gjhme8cyZP5FxxG89ldWwEFFFBAAQUUUEABBRRQQAEFFFBAAQUUUEABBRQYjwIRoEc6vO943Hz5nvcDlg/bQxig90n7nSiX3unV5SRJvCUNHeUhabWK5TNuoI2pHNicMKGeiua8hTvttHQ18 iVR2XtBHoNA/SGvpUNn2ysBuhxDnxHB9M3PMqDPzhlgLMw lGJIL2lvfus8/zc9rg8WtfHkQKFFtbNOYI1FySlFiENF3ZCBRRQQAEFFFBAAQUUUEABBRRQQAEFFFBAAQUUUGDXEIgAvfKg7XH55JXNyRvzEHk36mWlNud7APs3ZurnyyzvBK6u8jBJMixvyTl3cmBXkWlx3nhXO6vmvYTVERqeeT9T0/Xs09TCxGInnR1tPPTdI7ND6quOCy7oPl/8xldSWDCF VF9XkjZPPdFPFgthDRAH9sf2LEYoJ 3jNZtmzmgq4Ot1boajG1Rd6eAAgoooIACCiiggAIKKKCAAgoooIACCiiggAIK7JoCBuh9vu8dwIOlM8jjosiD48jmWbvmJ6Wvp24D7q/Sw2CYAvQP3MCU9mnZgezZ2dmVI8637mrnqfIzsKtd9/6bmN7exn75 eJxjvmEVh775hHZIfM7DQP0sf2xH4sB lk3s0fTBGY/O5FHBjq/fGzrujsFFFBAAQUUUEABBRRQQAEFFFBAAQUUUEABBRRQYNcRMEDv873eCkTleQTpTcCMUoC 63w4an7Si4EPVVw9TAF6rBIt16dvZZ 0ialpMXtzslbWBdi8pcCT/VWe57t8581MnD6BA4oJE JN7kp46ttHs7qvZzZAr/nTMCoXjsUAfVQgXFQBBRRQQAEFFFBAAQUUUEABBRRQQAEFFFBAAQUUUGBIAgboGd8TwF2lUuqHgMeBp4A1/ZysHsfGzwT2KpVfLwQOBo4A9h7SmzLubn49cF3FrocxQB93Pm5YAQUUUEABBRRQQAEFFFBAAQUUUEABBRRQQAEFFFBAAQXGhcAuGqDfB/wSuAn4LbCiwW9WtHo/Hng58FrgkAbPPwanW1r67kC NQP0MfgmuSUFFFBAAQUUUEABBRRQQAEFFFBAAQUUUEABBRRQQAEFFOhPYBcK0G8B/gu4BogAfSRHBOhvBv4MOG4kFx65tT4LfLpsOQP0kbN3JQUUUEABBRRQQAEFFFBAAQUUUEABBRRQQAEFFFBAAQUUaIhABOiPlXqQN2TC0Zpkv6rN1qMF 5XA5aX27KO1u/J1o837WcAZpRbwY2FPDdhDFNzf3DPPcpIk3hKHAgoooIACCiiggAIKKKCAAgoooIACCiiggAIKKKCAAgooMG4EIkC/HXjRuNlxHxs9Brij57W7ga8Dl47xxzoH CDwgjG zxq3F0fJz82uvYMkibfEoYACCiiggAIKKKCAAgoooIACCiiggAIKKKCAAgoooIACCowbgQjQo6f5m8bNjvvYaDRI/wl3ARcC3xtnj3Ma8LGKQ8TH2SPEdqND/luzff EJIm3xKGAAgoooIACCiiggAIKKKCAAgoooIACCiiggAIKKKCAAgqMG4EI0L9WKoMeN5veeaOr SB/zzeyqvNxPBZ9EB78O2DW HyITwL/lG396yTJh8bnQ7hrBRRQQAEFFFBAAQUUUEABBRRQQAEFFFBAAQUUUEABBRTYVQUiQP8w8K/jFyDy/0/xZTbwkfH7EN07j3fhwGnwlc/DL8dh/nwscGv2JB8hSb483t8O96 AAgoooIACCiiggAIKKKCAAgoooIACCiiggAIKKKCAAruWQATobwB Nv4e 14gsv/rs63HA5w0/h6i947jIeLdiPGt18OHvwybDh1fT7UW2IM3kiQ/H18bd7cKKKCAAgoooIACCiiggAIKKKCAAgoooIACCiiggAIKKLCrC0SAvjewcnxBXApEhXZnz7afAOaNr4fYebfxLsS7kY8bmmDx1 Ghc8bPk/0Y FPmkSTxljgUUEABBRRQQAEFFFBAAQUUUEABBRRQQAEFFFBAAQUUUECBcSOQxE5T0g3A1PGx68XAZVW3Oh9YMT4eYudd7gM8XmXzEar/ dnwf0vGxZNNP5 Nz16UTBsXm3WTCiiggAIKKKCAAgoooIACCiiggAIKKKCAAgoooIACCiigQJlAHqA/Cew1tmWWA6cDN/W5zVOBq8f2Q/S9u1OAq/rZ/DteDv/xXWDfMf2ErzuWp35xWzJ3TG/SzSmggAIKKKCAAgoooIACCiiggAIKKKCAAgoooIACCiiggAJVBPIAvfvk6jE7bokybCBC9L7H14DzxuwzDLCxi0td6fu77CP7wpf/HThuzD7lhdNY97ENyYwxu0E3poACCiiggAIKKKCAAgoooIACCiiggAIKKKCAAgoooIACCvQhEGegTwY2jV2h64ETa9refcChNV05Bi 6Fzikhn39ADjlOuD1NVw88peUHmNKQrJ55Fd3RQUUUEABBRRQQAEFFFBAAQUUUEABBRRQQAEFFFBAAQUUUGDwAhGgvxi4bfBTDOedPwXeVNcCEaBHkD6uxkxgdR07jnPR9/kJcHIdNw3/pZH/R4AOHJuQ/G74V3QFBRRQQAEFFFBAAQUUUEABBRRQQAEFFFBAAQUUUEABBRRQoHECEaCfAXy7cVM2aqbaK8/LV/wE8M N2sJIzTMFeByYXseC64AZY6sS/ePAF7sf4b0JyZV1PI2XKqCAAgoooIACCiiggAIKKKCAAgoooIACCiiggAIKKKCAAqMuEAF65M0fG/Wd9NpAnHl /KC2NPg7B7Vc426Ko81PrXO6W M49N OmTPRy3ZyYUISebpDAQUUUEABBRRQQAEFFFBAAQUUUEABBRRQQAEFFFBAAQUUGDcCEaBHn/STxs6OlwOvBOLPwY1oJX7/4G4dvbveC1wxiOW/vy c9r/AvoO4uXG3HNy7df61CcnY6i/fuEd1JgUUUEABBRRQQAEFFFBAAQUUUEABBRRQQAEFFFBAAQUUeJ4KRIB 86DLvYcF5RXATUOa Utjr6R 4OdpBTYAEwa dKcrLng5/P2vB3Fj4265EPjojuluTkhe2rjZnUkBBRRQQAEFFFBAAQUUUEABBRRQQAEFFFBAAQUUUEABBRQYfoEI0O8EXjj8S9WywmLgslou7PeaNcCsIc8yChP8EHj7INc97Wz4/pJB3jz021YDM3dMc2dCcvTQZ3UGBRRQQAEFFFBAAQUUUEABBRRQQAEFFFBAAQUUUEABBRRQYOQEIkC/D4gO3KM8LgXObdgeYqaYcVyNvwGifH4wY1004r8Ebj1nMHcP6Z5Y8ZLeMzyQkIyBz9SQHsubFVBAAQUUUEABBRRQQAEFFFBAAQUUUEABBRRQQAEFFFBgFxOIAP2xUT9Am3uBI4CuhvHfXZqxYROOxER/AfzbEBa6tRlOWgrrDh3CJPXfehfwgt63rUhI5tc/k3cooIACCiiggAIKKKCAAgoooIACCiiggAIKKKCAAgoooIACoycQAfrTwOzR20KsfCJwfcO3cDrwvYbPOowTvgX40RDnX/J6OOe6IU5S  2nAd/d fK1CUlZR/fa5/NKBRRQQAEFFFBAAQUUUEABBRRQQAEFFFBAAQUUUEABBRRQYLQEIkDfAEwdrQ3A14DzhmX5qIw clhmHqZJXwTc3oC5j7kY7vhQAyYaeIql1Sv9tyQkkwe 2ysUUEABBRRQQAEFFFBAAQUUUEABBRRQQAEFFFBAAQUUUECBsSMQAXoH0Dw6W1oNHABEhj88I2Lkrw/P1I2fdToQZ5kPdfz3NHjLQ8Csoc7U7/0fpPvrD9VGQpIM6 JOroACCiiggAIKKKCAAgoooIACCiiggAIKKKCAAgoooIACCjRYYJQD9OGPt4c/om/gOxJ9AD4K/F0D5vzxB FP 4q3GzB/97ceDiBJgrjXSEk/nZB8riGrOIkCCiiggAIKKKCAAgoooIACCiiggAIKKKCAAgoooIACCigwQgKj2MJ95BqsD1 T Aa/S4uAB4C/By4Y4tyHAPf20WB9iFOXbj PJNkpoU9JI/7/TEIySl0NGvNwzqKAAgoooIACCiiggAIKKKCAAgoooIACCiiggAIKKKCAArueQAToTwOzR/7RTwe N2LLnghcP2KrDXKhVwE3lO6NGPofBjlPftsXT4OPf3eIk1S9/XqSJEh7jVJ4HtH/xoRk2nAs7JwKKKCAAgoooIACCiiggAIKKKCAAgoooIACCiiggAIKKKDAcAlEgP4YsO9wLVB93ruBI0Z0yXuBI4HOEV21zsX Avi3sns AwylEfqewB/vgpkvqHMj/V7elb15SRKkPaMsPI frUpI9mrkos6lgAIKKKCAAgoooIACCiiggAIKKKCAAgoooIACCiiggAIKDLdABOj3AQcP90K95z8XuHRklyytGCuP2fE3wJcqdvcp4B HsOOPnAP/cskQJtjp1nNJkl5vXkV4Hjc8nJAc0MhFnUsBBRRQQAEFFFBAAQUUUEABBRRQQAEFFFBAAQUUUEABBRQYboEI0O8EXjjcC 2Yfw0wa SWq1hpMXDZqK0 wMI/BN5e5Zr/B3xhkJtuAW5ZDUfPHOQEvW67jCQJwp5RJTyP1 5OSEa2xUAjns45FFBAAQUUUEABBRRQQAEFFFBAAQUUUEABBRRQQAEFFFBglxaIAP1m4PiRU4gS64 N3HJVVnoFcNOo7qDK4q3ABmBCHxv7BPDPg9z0Fy6ET3x0kDf33HYTSRJ0PaOP8DxevyUhGcHP1FAfzfsVUEABBRRQQAEFFFBAAQUUUEABBRRQQAEFFFBAAQUUUEABiAD9p8BJI4dxCHD/yC1XZaXlwCuB HPMjPcCVwywm/jeQWWLVSHODwAAIABJREFU91oe4I0Hw7XRqX/Qo5ssSXrI gnPY5FrE5KTB72aNyqggAIKKKCAAgoooIACCiiggAIKKKCAAgoooIACCiiggAKjIBABetQ1j1BJ C0jW zeD jY2Ulpk/8OnFrDJyAKyf lhuvKLykAT/0WZh9X5409lx9PkgRZNgYIz OSCxOSjw92Me9TQAEFFFBAAQUUUEABBRRQQAEFFFBAAQUUUEABBRRQQAEFRkMgAvQzgG PzOJD6UPe B1eD5zY Gnrn3Ev4B5geo23fgT4co3X5pdd/XF45xfrvCm7/ESSJKiyUUN4Hpe9NyG5cjCLeY8CCiiggAIKKKCAAgoooIACCiiggAIKKKCAAgoooIACCigwWgIRoL8YuG1kNnAoMKRW4g3fZvSvf1PDZ61zwr8DLqjznr8GvlrHPe8/BL5xbx03ZJe iSQJomzUGJ7HpccmJL rdzGvV0ABBRRQQAEFFFBAAQUUUEABBRRQQAEFFFBAAQUUUEABBUZTIAL0ycCm4d9EBOcRoI 9MaqV6FF9fjswdxAu5wMX13jfPsDjEaDHGfQ1jcFUnucTT0lINte0ihcpoIACCiiggAIKKKCAAgoooIACCiiggAIKKKCAAgoooIACY0QgiX2kpI8C w3vnr4GnDe8Swxh9jjg 8 B5UOYY1C3Dqb6vHyhDwFfr3HlOy6Go OGfkcQ/HmdZ56XT/hYQrL/QIv4ugIKKKCAAgoooIACCiiggAIKKKCAAgoooIACCiiggAIKKDDWBPIAPdp0nzS8mzsVuHp4lxji7JEcnw7cNMR5ar59KNXn5Yt8APhmDat /hT426v6uzAe/XSSpOd7BHW0bc/nvTYhObmG3XiJAgoooIACCiiggAIKKKCAAgoooIACCiiggAIKKKCAAgooMKYE8gD9n4GPDe/O5gMrhneJBs2 GLisQXP1O01Ujkf43YhxLnDpABMdvw/c/HhfFy0hSc4pf3EQ4XncfmFC8vFGPJJzKKCAAgoooIACCiiggAIKKKCAAgoooIACCiiggAIKKKCAAiMpkAfofwr8ePgWfgKYN3zTD8PMkUV/EOgahrmzKc8CvtXgyaNDfnTK729sXwkT9i6/ohP4EEnSK34fZHge874lIfnvBj Z0ymggAIKKKCAAgoooIACCiiggAIKKKCAAgoooIACCiiggALDLpAH6HsAa4dvtZ8Nf4f4Ydj8vcCHgesbPffRwB2NnrQ030eAL/cz9/JrYf4b8wvi0T5MksSj9owhhOcxx4yEZN0wPZ3TKqCAAgoooIACCiiggAIKKKCAAgoooIACCiiggAIKKKCAAsMmkAXoMVLSW4Fjh2elSHQj2R2fI4q6PwVsaNT200ZN1Mc8nwCiKX 1ceu/wrEfjkf5FEmyU736EMPz2xKSlwzz0zm9AgoooIACCiiggAIKKKCAAgoooIACCiiggAIKKKCAAgooMCwC5QH6PwGfHJZVZp/1HM9csduwzD1Ck64G/h6IY8sHPYa5UX6vfX0a PzOOz31305dftVf/PuLSZJ4pF5jiOF5zPWFhOT/DdrHGxVQQAEFFFBAAQUUUEABBRRQQAEFFFBAAQUUUEABBRRQQIFRFCgP0N8K/New7OVdRz/KJ 7cnwuB7w3LCiM26V0wuMf4AhCV4SM5IvG/oHvB04CPAUd87sC7kk8vO7JyGw0Iz2PKP0tIfjSSj haCiiggAIKKKCAAgoooIACCiiggAIKKKCAAgoooIACCiigQKMEygP0vYAnGzVxr3k PW8ln31iXvazu0tl3JcOy0ojNmnNjxGqUdv/nhHbWq FzvlH OCn4AX5Tz8678nkSyv3Lr oQeF5TDk3IXlqdJ7UVRVQQAEFFFBAAQUUUEABBRRQQAEFFFBAAQUUUEABBRRQQIGhCfQE6DFNSnozcPzQpqxy97emruGsTTN7vbIGuBK4HLi/4SuO2IR9PkYE54tL/8wdse1kCx0MnAWcAWToUfn/8dIezpyxMbli7bR8Rw0Mz3 bkJwwsk/qagoooIACCiiggAIKKKCAAgoooIACCiiggAIKKKCAAgoooEDjBCoD9Dg5 7ONm740068SeHU/s95Sah5/DXBfw1fvf8JImLcBm4a bvYYe8E1i G CM9HMDg/BHhz9FAHjqv2KF8BPgy8DZL/JHvfGxiex3SfSUg N3RFZ1BAAQUUUEABBRRQQAEFFFBAAQUUUEABBRRQQAEFFFBAAQVGR6AyQD8CWNrwrdyfwEE1zhoB i Bm4DfAitqvK/Wy/Yp1di/HHgtEMnzWiDC 5 U/myvdbLSdRNK6fWbSn/O6P4ewEg/xoC7/jrwb5DcTNLg8DyWPjIhiSPiHQoooIACCiiggAIKKKCAAgoooIACCiiggAIKKKCAAgoooMC4FOgVoMcTpKTXAa9v6NNsSGDqIGd8onRueiTSDwPLgThlO3qnx79XG/uWepdHG/X494WloDwOAu91 neVm7cDPwJ VzoRPtaKk Hzk71jzqgsz/98MfBWoLX/5xvpx hzN0uAc9ILgPinUeP6hOTERk3mPAoooIACCiiggAIKKKCAAgoooIACCiiggAIKKKCAAgoooMBoCFQL0D8EXNzQzQwlQG/oRpyMdcCMtNEQ5yUkX2v0pM6ngAIKKKCAAgoooIACCiiggAIKKKCAAgoooIACCiiggAIKjKRAtQA9arbvB9oatpF6Wrg3bFEnqipwL3BYQwP0OEH 4ISkr34AvhEKKKCAAgoooIACCiiggAIKKKCAAgoooIACCiiggAIKKKDAuBDYKUCPXaekVwPvbNgT/CqBVzdsNicaikAczP66hgboP0hIThnKlrxXAQUUUEABBRRQQAEFFFBAAQUUUEABBRRQQAEFFFBAAQUUGAsCfQXopwPfadgGvzV1DWdtmtmw Zxo8AKXT1nD zY28r14d0Ly3cFvyDsVUEABBRRQQAEFFFBAAQUUUEABBRRQQAEFFFBAAQUUUECBsSHQV4DeDNwJHN6QbX563ko  8S8hszlJEMT Lu5K/mHhr0XfwSOSkg6h7Yp71ZAAQUUUEABBRRQQAEFFFBAAQUUUEABBRRQQAEFFFBAAQVGX6BqgB7bSkk/ClzYkC2 6 hH f6d zdkLicZmsDpL3yE7925YGiT9Nz9sYTkSw2ay2kUUEABBRRQQAEFFFBAAQUUUEABBRRQQAEFFFBAAQUUUECBURXoL0CPNt9RhT70yvHj3/EQN//HAaP6pC7eLfDyty3jN/9xYAM4Vpaqz9c0YC6nUEABBRRQQAEFFFBAAQUUUEABBRRQQAEFFFBAAQUUUEABBUZdoM8APXaWkn4W PSQdzn///coyz9rBfqQIRswwX6feYTl/9CICvTPJSSfacCOnEIBBRRQQAEFFFBAAQUUUEABBRRQQAEFFFBAAQUUUEABBRQYEwIDBehRNR5V6FOGtNtJP3qazX 255Dm8ObGCEz 0Sq2vGXOECfbVKo f2iI83i7AgoooIACCiiggAIKKKCAAgoooIACCiiggAIKKKCAAgooMGYE g3QY5cp6cXAh4a042RlO8V9JgxpDm9ujEBhRTvpvKG F19LSM5rzIacRQEFFFBAAQUUUEABBRRQQAEFFFBAAQUUUEABBRRQQAEFFBgbArUE6EcBNwGTh7Tl/217mldstwp9SIhDvPnXrU/zym1DfQ82x0nqCUl0JnAooIACCiiggAIKKKCAAgoooIACCiiggAIKKKCAAgoooIACzxuBAQP0eNKUNM5Bj/PQBz/e 5L7uOK2QwY/gXcOWeDMY /j27cO9T34TELyuSHvxQkUUEABBRRQQAEFFFBAAQUUUEABBRRQQAEFFFBAAQUUUECBMSZQa4DeXKpCP27Q 5/zjyt46lP7DPp bxy6wF6fX8Gqvx3Ke3BLqfq8c ibcQYFFFBAAQUUUEABBRRQQAEFFFBAAQUUUEABBRRQQAEFFFBgbAnUFKDHllPStwA/Gvz274PHD4WhxLeDX9w7VwDz7wWGVID 1oTkx2IqoIACCiiggAIKKKCAAgoooIACCiiggAIKKKCAAgoooIACz0eBmgP0ePiUdAlw9qAhLpy5io unTPo 71x8AJfmrGKj60Ziv1lCcniwW/AOxVQQAEFFFBAAQUUUEABBRRQQAEFFFBAAQUUUEABBRRQQIGxLVBvgL6g1Mp97qAe68XvfoDbvnvQoO71pqEJHHv6A/zuO4O1f7LUuv2RoW3CuxVQQAEFFFBAAQUUUEABBRRQQAEFFFBAAQUUUEABBRRQQIGxK1BXgB6PkZKeB1w0qEdq c2zbHv5dAqDutubBitQBNpuepaOl00f5BTnJyQXD/Jeb1NAAQUUUEABBRRQQAEFFFBAAQUUUEABBRRQQAEFFFBAAQXGhUDdAXo8VUr6PeAvB/WE/zF1BW/b5Enog8Ib5E3/OWUFb984WPPvJySnDXJlb1NAAQUUUEABBRRQQAEFFFBAAQUUUEABBRRQQAEFFFBAAQXGjcBgA/Ro4X49cFjdT/qG993Azy5/dd33ecPgBd541g38/FuDMb8HeH1CEi3cHQoooIACCiiggAIKKKCAAgoooIACCiiggAIKKKCAAgoooMDzWmBQAXqIpKQnAz pW6dl1V1s2usIJtR9pzcMRqAdmPLUXXTMOWIQt78pIfnpIO7zFgUUUEABBRRQQAEFFFBAAQUUUEABBRRQQAEFFFBAAQUUUGDcCQw6QI8nTUk/BXyu7qd /8tv4Ru/Oa7u 7yhfoEPvOwWvnnTYKw/nZB8vv4FvUMBBRRQQAEFFFBAAQUUUEABBRRQQAEFFFBAAQUUUEABBRQYnwJDCtDjkVPSHwJvr vxW 58hoePns1gT Wua7Fd OIVwMLfP0PHUbPrVPiPhOQddd7j5QoooIACCiiggAIKKKCAAgoooIACCiiggAIKKKCAAgoooMC4FmhEgL4A BmwqC6JU19xH/9 0yF13ePF9Qn8 cvv46pf12v8IPDGhOSR hbzagUUUEABBRRQQAEFFFBAAQUUUEABBRRQQAEFFFBAAQUUUGB8Cww5QI/HT0lfCfw3MK12jruK3HZkgRfXfodX1iHwO DYpUU4olDHXRuAP01I/reOe7xUAQUUUEABBRRQQAEFFFBAAQUUUEABBRRQQAEFFFBAAQUUeF4INCRAD4mU9BTgqrpUXvG2B/nf/6qvcr2uBXbhi1/5Zw/y6/ s1/bUhOTqXVjNR1dAAQUUUEABBRRQQAEFFFBAAQUUUEABBRRQQAEFFFBAgV1YoGEBehimpGcCl9fuuRp NHcLb mcVPs9XjmgwI bt/DWJyfBrAEvLbvgrITkinpu8FoFFFBAAQUUUEABBRRQQAEFFFBAAQUUUEABBRRQQAEFFFDg STQ0AA9YFLS84Gv1oy04O8f4OELDqr5ei8cWGDhBQ/wyN/VY/pXCclFA0/sFQoooIACCiiggAIKKKCAAgoooIACCiiggAIKKKCAAgoooMDzV6DhAXpQpaR/C3y ZrYv7H8Pn3jssJqv98K Bb643z188tF6LD VkPyjpAoooIACCiiggAIKKKCAAgoooIACCiiggAIKKKCAAgoooMCuLjAsAXqgpqTnAbVVNTfd/Ry/OXIKx6VNu/obMqTnvzUp8tKlG l6wW41znN QnJxjdd6mQIKKKCAAgoooIACCiiggAIKKKCAAgoooIACCiiggAIKKPC8Fhi2AD3UUtI3AtfWJLjXPz/KHz xP3vUdLUXVQqsAw7/4qM89fH9a8Q5KSH5WY3XepkCCiiggAIKKKCAAgoooIACCiiggAIKKKCAAgoooIACCijwvBcY1gA99FLSVwO/qknyVX/6EDdcc0BN13pRb4FXv khbqzZ7jUJyQ0SKqCAAgoooIACCiiggAIKKKCAAgoooIACCiiggAIKKKCAAgrsEBj2AD2WSkmPB34EzB4Q//yFy/nqI/sOeJ0X7BD4qwXLuejhWsyeAd6akPxWPgUUUEABBRRQQAEFFFBAAQUUUEABBRRQQAEFFFBAAQUUUECB3gIjEqDHkinpUcD3gUP6fxOWw7cOX8NZm2b6ZtUgcPmUNbzvjzNhwPz8PuAvE5I7a5jVSxRQQAEFFFBAAQUUUEABBRRQQAEFFFBAAQUUUEABBRRQQIFdTmDEAvSQTUkXAP8MvL1/6VvgluPhJbvc 1HfA98KHBfF5McNdN9/AB9PSB4Z6EJfV0ABBRRQQAEFFFBAAQUUUEABBRRQQAEFFFBAAQUUUEABBXZVgREN0HPklPRTwOf6R78e1p4Ie yqb80Az70OmHEd8PqBgD6dkHx oIt8XQEFFFBAAQUUUEABBRRQQAEFFFBAAQUUUEABBRRQQAEFFNjVBUYlQA/0lPRk4IvAYX2/CT FFW Cebv621Tx/CuBfX4CBGGf4x7gEwnJT9VTQAEFFFBAAQUUUEABBRRQQAEFFFBAAQUUUEABBRRQQAEFFBhYYNQC9NhaSjq31NL9L/ve6vVw9YnwzoEfZpe44gfAKQNWnsdZ89Gy/cldwsSHVEABBRRQQAEFFFBAAQUUUEABBRRQQAEFFFBAAQUUUEABBRogMKoBer7/lPQ84JNABOpVxi3wgZM38PV10xrwzON3ig/usYFv/HRaP2eeR2D hYTk4vH7kO5cAQUUUEABBRRQQAEFFFBAAQUUUEABBRRQQAEFFFBAAQUUGB2BMRGgx6OnpAtKIfrZ1SmWw vetIb/ ePM0aEa5VX/5PA1/OInM2HfvjZyWSk8f2SUd ryCiiggAIKKKCAAgoooIACCiiggAIKKKCAAgoooIACCiigwLgUGDMBeq6Xkr6lFKQfV1X04FNX8T9Xz9llzkWP887/5JRV3H/VnD4 YbeUgvMfj8tPoJtWQAEFFFBAAQUUUEABBRRQQAEFFFBAAQUUUEABBRRQQAEFxojAmAvQwyUlbS6F6NHWffJOVrt9ZTX/ ZEZvCYtjBHH4dnGr5Iu3vav63jur2dVWWBzBOel8LxzeDbw/7V3byFWllEch/9faYZZYlqZOpRiI6YIQoF56ioRzA43RREUEVQQEVEEFURQQRQREVQQURB0uOlgQdRVnhISBNHESbQw7eAJyyTT3LFzD41Dl/M28848wlzowPrW96zLH 5tKgECBAgQIECAAAECBAgQIECAAAECBAgQIECAAAECBEaOwJAM6L38rbTmJ7kzyR1Jxp12ljO2HM0zK3flke/mDMtzPXvp1jy6anpOzh3b7/2OJHkzyRtNmk3D8t29FAECBAgQIECAAAECBAgQIECAAAECBAgQIECAAAECBAZBYEgH9F6PVlozk9zeCenTTnOa8eT2vPBUV64/0T80DwLnADzyo1FH8 Dju7PziVn9prU/zL0dzt9q0uwYgCcZQYAAAQIECBAgQIAAAQIECBAgQIAAAQIECBAgQIAAAQJ9BKoI6L37ttKa1Ino7Zg 99/32Jcsvbsnz3/QnSsrve/XSR66sSerX tOTvvE9i3taN6O502a/ZW nbUJECBAgAABAgQIECBAgAABAgQIECBAgAABAgQIECAw5AWqCui9mp3vSL8lycrOz9mnfrf5ZG6 b3ueWzM7XUPe/tSCu5M8vGRb3nt5VjKv9zvd/0iyqvPzTpPGd5xXck5rEiBAgAABAgQIECBAgAABAgQIECBAgAABAgQIECBQr0CVAb0vdyutS/qE9GX//G70pl9y1/078 LaBTlriB7nzyQPLN6Q11 akePzL xs XlvOG/SfD9EN7cWAQIECBAgQIAAAQIECBAgQIAAAQIECBAgQIAAAQIEhqVA9QG971Vaac1Lcl2SFUkWZPRPm3PNY/tzz/uXZcWRrvT / 7BOuXJJJ O251Xb/o2Xzw9Kccnt/fd0P7XJB83aTYP1mqeS4AAAQIECBAgQIAAAQIECBAgQIAAAQIECBAgQIAAgZEuMKwCer Y3v4Q9yVJFiZZlNFrurLwlb259bOJufbQlEz5n06/t53GJ zNu8sPZv29F f4kvaHtq9Lsj7JmiZN  / ECBAgAABAgQIECBAgAABAgQIECBAgAABAgQIECBAgMAgCwzbgN7ftZXWpE5QX5xzNy7N HZI//D33Lblgiw6dtGA3mHdmJ/z9tx9 eSGc3J4 YH8dsXqJGs7wXz/gD7LMAIECBAgQIAAAQIECBAgQIAAAQIECBAgQIAAAQIECBAYEIERE9D/S6uV1nlJrsrkTcvSbLs6B/bMydievzKt51hm7mml  CoXH5ofKYnmdGZsDPJriTfTDicnvNPZMfUJj90j8nR7jMzcerWZPaX XF  7vMv2rS/DogVzKEAAECBAgQIECAAAECBAgQIECAAAECBAgQIECAAAECBIoLjOiAXlzXAwgQIECAAAECBAgQIECAAAECBAgQIECAAAECBAgQIECgGgEBvZpTWZQAAQIECBAgQIAAAQIECBAgQIAAAQIECBAgQIAAAQIESgoI6CV1zSZAgAABAgQIECBAgAABAgQIECBAgAABAgQIECBAgACBagQE9GpOZVECBAgQIECAAAECBAgQIECAAAECBAgQIECAAAECBAgQKCkgoJfUNZsAAQIECBAgQIAAAQIECBAgQIAAAQIECBAgQIAAAQIEqhEQ0Ks5lUUJECBAgAABAgQIECBAgAABAgQIECBAgAABAgQIECBAoKSAgF5S12wCBAgQIECAAAECBAgQIECAAAECBAgQIECAAAECBAgQqEZAQK/mVBYlQIAAAQIECBAgQIAAAQIECBAgQIAAAQIECBAgQIAAgZICAnpJXbMJECBAgAABAgQIECBAgAABAgQIECBAgAABAgQIECBAoBoBAb2aU1mUAAECBAgQIECAAAECBAgQIECAAAECBAgQIECAAAECBEoKCOgldc0mQIAAAQIECBAgQIAAAQIECBAgQIAAAQIECBAgQIAAgWoEBPRqTmVRAgQIECBAgAABAgQIECBAgAABAgQIECBAgAABAgQIECgpIKCX1DWbAAECBAgQIECAAAECBAgQIECAAAECBAgQIECAAAECBKoRENCrOZVFCRAgQIAAAQIECBAgQIAAAQIECBAgQIAAAQIECBAgQKCkgIBeUtdsAgQIECBAgAABAgQIECBAgAABAgQIECBAgAABAgQIEKhGQECv5lQWJUCAAAECBAgQIECAAAECBAgQIECAAAECBAgQIECAAIGSAgJ6SV2zCRAgQIAAAQIECBAgQIAAAQIECBAgQIAAAQIECBAgQKAaAQG9mlNZlAABAgQIECBAgAABAgQIECBAgAABAgQIECBAgAABAgRKCgjoJXXNJkCAAAECBAgQIECAAAECBAgQIECAAAECBAgQIECAAIFqBAT0ak5lUQIECBAgQIAAAQIECBAgQIAAAQIECBAgQIAAAQIECBAoKSCgl9Q1mwABAgQIECBAgAABAgQIECBAgAABAgQIECBAgAABAgSqERDQqzmVRQkQIECAAAECBAgQIECAAAECBAgQIECAAAECBAgQIECgpICAXlLXbAIECBAgQIAAAQIECBAgQIAAAQIECBAgQIAAAQIECBCoRkBAr ZUFiVAgAABAgQIECBAgAABAgQIECBAgAABAgQIECBAgACBkgICekldswkQIECAAAECBAgQIECAAAECBAgQIECAAAECBAgQIECgGgEBvZpTWZQAAQIECBAgQIAAAQIECBAgQIAAAQIECBAgQIAAAQIESgoI6CV1zSZAgAABAgQIECBAgAABAgQIECBAgAABAgQIECBAgACBagQE9GpOZVECBAgQIECAAAECBAgQIECAAAECBAgQIECAAAECBAgQKCkgoJfUNZsAAQIECBAgQIAAAQIECBAgQIAAAQIECBAgQIAAAQIEqhEQ0Ks5lUUJECBAgAABAgQIECBAgAABAgQIECBAgAABAgQIECBAoKSAgF5S12wCBAgQIECAAAECBAgQIECAAAECBAgQIECAAAECBAgQqEZAQK/mVBYlQIAAAQIECBAgQIAAAQIECBAgQIAAAQIECBAgQIAAgZICAnpJXbMJECBAgAABAgQIECBAgAABAgQIECBAgAABAgQIECBAoBoBAb2aU1mUAAECBAgQIECAAAECBAgQIECAAAECBAgQIECAAAECBEoKCOgldc0mQIAAAQIECBAgQIAAAQIECBAgQIAAAQIECBAgQIAAgWoEBPRqTmVRAgQIECBAgAABAgQIECBAgAABAgQIECBAgAABAgQIECgpIKCX1DWbAAECBAgQIECAAAECBAgQIECAAAECBAgQIECAAAECBKoRENCrOZVFCRAgQIAAAQIECBAgQIAAAQIECBAgQIAAAQIECBAgQKCkgIBeUtdsAgQIECBAgAABAgQIECBAgAABAgQIECBAgAABAgQIEKhGQECv5lQWJUCAAAECBAgQIECAAAECBAgQIECAAAECBAgQIECAAIGSAgJ6SV2zCRAgQIAAAQIECBAgQIAAAQIECBAgQIAAAQIECBAgQKAaAQG9mlNZlAABAgQIECBAgAABAgQIECBAgAABAgQIECBAgAABAgRKCgjoJXXNJkCAAAECBAgQIECAAAECBAgQIECAAAECBAgQIECAAIFqBAT0ak5lUQIECBAgQIAAAQIECBAgQIAAAQIECBAgQIAAAQIECBAoKSCgl9Q1mwABAgQIECBAgAABAgQIECBAgAABAgQIECBAgAABAgSqERDQqzmVRQkQIECAAAECBAgQIECAAAECBAgQIECAAAECBAgQIECgpICAXlLXbAIECBAgQIAAAQIECBAgQIAAAQIECBAgQIAAAQIECBCoRkBAr ZUFiVAgAABAgQIECBAgAABAgQIECBAgAABAgQIECBAgACBkgICekldswkQIECAAAECBAgQIECAAAFWx0qQAAAAP0lEQVQCBAgQIECAAAECBAgQIECgGgEBvZpTWZQAAQIECBAgQIAAAQIECBAgQIAAAQIECBAgQIAAAQIESgr8DVJmf0/vM2eoAAAAAElFTkSuQmCC
webgl __ data:image/png;base64,iVBORw0KGgoAAAANSUhEUgAAASwAAACWCAYAAABkW7XSAAAOG0lEQVR4Xu2dX4gkVxWHz62e2cWHgAFBfVjtRSWKKK6gREHoEQQDCoog iDsoEJEfAj4oIj2jAgGH/wDgoLC9oBCHpT4FPwDzoAPCUSduOtmcBPTnYxmoxvcJKsu7mam5Fb1bPf0ds9UdVfVvefeb172pfrec3 /sx9Vp869ZYQ/FEABFFCigFESJ2GiAAqggAAskgAFUECNAgBLjVUEigIoALDIARRAATUKACw1VhEoCqAAwCIHUAAF1CgAsNRYRaAogAIAixxAARRQowDAUmMVgaIACgAscgAFUECNAgBLjVUEigIoALDIARRAATUKACw1VhEoCqAAwCIHUAAF1CgAsNRYRaAogAIAixxAARRQowDAUmMVgaIACgAscgAFUECNAgBLjVUEigIoALDIgcoVSFNpi0jbGNmqfHAGjFoBgBW1/fUsPk2lIyKbIrICtOrRONZRAVaszte47jSVroisicjAGDld41QMHZkCACsyw5tY7n4qm0ayuyz7t2WMrDQxL3OErwDACt/jRldo61epSH8isdaMkfVGA2GyIBUAWEHa6m5RN1PptCS7w5r8o57lzpZgZgZYwVjpx0L2UukakbUZiQW0/LBJbRQAS611fgb ciqbiUhnRmJRhPfTNjVRASw1Vvkf6PVU2ssi/UTkqE KU4T330pvIwRY3lqjLzBbvzKS3WEdBSy7sJ4xsqpvhUTsWgGA5dqBgOa/OaxfFQCWXTX1rIC8b2opAKsppSOY5 aw/6ogsIBWBDlR9RIBVtWKRjqerV8tDfuvSgCLInyk TLvsgHWvMrxu0MKXE lszTsvyoBLDsGRXhyqbACAKuwVFx4lAL/S6WbDPuvSgILaJFahRUAWIWl4sKjFLgxrF/ZhJoDWHboVWOkh8oocJQCAIv8WFgBW79Kxvqv5gQWRfiFnQh/AIAVvse1r9DWr5Kx/qsFgDUYtjvYf/lDgdsUAFgkxcIKXB/Wrw5AtQCwqGct7EbYAwCssP1tZHXXh/sHKwIW0GrENZ2TACydvnkTta1fybB VSGw7Po4Q8sbl/0JBGD544XKSK4N 68srCoGFkV4lRlRb9AAq159gx/d1q/s3VBNwAJawWdQuQUCrHJ6cfWEAv8d2z9Ywx2WnY3tO2TdLQUAFskwtwJXU2mfHNs/WBOwKMLP7VB4PwRY4Xna2Ips/erg/PYaHwkP1kMRvjFn/Z0IYPnrjfeR/Wfs/PYGgEU9y/uMqD9AgFW/xsHO8O x89sbAhbQCjabii0MYBXTiasmFLD1q/Hz2xsEFkX4iLMRYEVs/iJLv5pKZ3li/2CNRffJUDlDaxHzFP8WYCk2z2Xo1ybOb2/wDosivEvjHc8NsBwboHX6l6bsH2zwDutANj5koTWB5owbYM0pXOw/eymVdPKuygGwKMJHlogAKzLDq1iuLbi3pmx4dgQsivBVmKpkDIClxCifwnxxrH41DilHwLLSUIT3KUFqjAVg1ShuqEO/MFa/8gRYVmo64UNNuLF1AawITK56iS M1a88Ahb1rKqN9nA8gOWhKT6HZOtXZqx 5RmwgJbPyVNBbACrAhFjGuJqKmeNyLmDN4QeAosifMAJCbACNreOpV2dOP/KQ2BRhK/DeE/GBFieGKEljKup9I1k3yHMjkT2FFgU4bUkVMk4AVZJwWK 3Nav7AcnDr7u7DmwqGcFmKwAK0BT61rS86mcbYmcUwQsoFVXMjgaF2A5El7jtP8a1q UAYsivMZkmxEzwArIzLqXohRYFOHrTowGxwdYDYqtearLqbRPDPuvlN1hHcjO9h3NCTiMHWAFYGITS7iSSieZcmCfx28Jp8myaoz0mtCLOepRAGDVo2two16Zcf6VMmBRhFeemQBLuYFNhR8QsAYiYg/ s//yp0wBgKXMMBfh2vrV0ozzrxTeYVGEd5FEFc0JsCoSMuRhLqfSWRrWryYBpRRYQEtpwgIspcY1GfaVVLr2vKlpne2KgWUl5AytJhOpgrkAVgUihj7EPyc2PCtta5hlEx yUJTAAEuRWS5CtfUre377OKQCAxZvDl0k1pxzAqw5hYvlZ7Z 1RLZDBxYbN9RktAAS4lRrsL8x550ja31zDhORnkNaySrkS2TyIornZm3mAIAq5hO0V713A3ZTEQ6wQPLOmxkzSzLerRmK1g4wFJgkqsQL1 XtkmlP suSsF5WOWl25MVc4dslf8hv2hCAYDVhMpK59i9Jp3lKfsHAyy6TzoEtDzNWYDlqTE hHX5RemaNO /iuKRcCT6wLxSTvvgATEcVgBgkREzFXj2 bx FSGwrCZb5lUU4X377wGwfHPEk3guX5Z2muT1q0iBZZ1YM6 mCO9JSmZhACyf3PAolt1d6bSS7A4rZmCJ7MuKOUUR3pfUBFi OOFZHH/fHdWvIr7Dyl2xbw5PAy0fUhRg eCChzE825dNGdavogeWyMCcpgjvQ5oCLB9c8CyG/o60TyzN3j8YQVvDNEe2zJsowrtOVYDl2gEP59/dkU5iZu8fjBRYeSf8XRThXaYswHKpvqdz716UbpLO3j8YLbCsX6msmLdRz3KVugDLlfIez7t7XjaTdPb waiBZX2zbw7PAC0XKQywXKju8Zz9bWkvHbN/MHpg2SL8OynCu0hjgOVCdY/n7D8snaVW3n81azsOwMoM3DLvpgjfdCoDrKYV93y px WbjI8vx1gHWvWmnkPRfhjVarwAoBVoZghDPXM77K3g0fuH QO65DTK Z91LOayn2A1ZTSCubpb0o7McfvHwRYE2baN4crQKuJFAdYTaisZI7 b6STFNg/CLAmDLXHK7 felYTaQ6wmlBZyRxP/2r29wcjOw rqGMD2Zd1c4/0iv6A6xZTAGAtpl9Qv 4/NDr/ireER1o7ECM9cw8F96b/AwCsphX3dL7 g9KW1qh BbCmGpWD6sOAylUaAyxXyns27xMPSmdpeH77cWdgRVjDGohIz3wUULlOW4Dl2gFP5u//XLoyPL8dYN0yJbujkhuyYT4pFlr8OVYAYDk2wJfpn3pg1H8FsDI4bUkq64DKlwzN4wBYfvnhLJqnfippkUe9ydpWMF9 Hinfk33ZMJ ir8pZMh4xMcDy0ZWGY9o5J 2TyeED yIsutsWhVWzCqgaTr9S0wGsUnKFefFfz Xnt0d6hzXIHv0 TS VhuwGWBpcqjnGJ3 U919FBSwjFlQ981ne/NWcXpUOD7AqlVPnYE/ QNKitami13mcWHmLwucAlcZs9TivNMqpL ad70h7eTlvGA38Ditv vw8oNKXpaOIAZZm9yqI/Ynvjb4/GCiw8l4q  bvPnqpKkgZp0MALKfyu5/80rfz89sDvMPKe6kSWQdU7vOsqggAVlVKKh3n0reyx8F2YMDqyZ5smC/ToqA0LWeGDbBCc7TEena Ke3W8IMTgQBrIHuyar4KqEqkgapLAZYqu6oNdufrcrZl5Ny0rTiqGkdti4I9l pr9FJVmyH jQaw/POksYgudWVThue3K73DGkgiPdPlzV9jSeN4IoDl2ACX0//lK9I3Jq9fqQJWKnmLwjcAlcv8cTE3wHKhugdz7nwp/ BE2aOPi4KtpsTKu9PvB1QepJCTEGrKKydrYdISCux8UTqJyY6Uye6uioKo6HUVJ1YGKlmSDXM/vVQlbA7u0orzKjh9gl3Qzn2ymZjD wc9bBzNe6lsQf27gCrYZCyxMIBVQqyQLt35gufAst3ptpfq 7QohJR3i64FYC2qoMLf79w7 uCEh4 EtqC CqgUJlYDIQOsBkT2bYoL944 OOERsOzj37r5Ib1UvuWLT/EALJ/caCiWi5 RbiKydlRzaGONowctCj/mzV9D9queBmCptm  4B9fHX1wwuEdVt6i0ANU87kY568AVmS b5 V9om90QdTHQArB9VPAFVkqVfJcgFWJTLqGeTCJ6STJNmRyLf1XtXc1pCd9JmdS/UALQp6MsavSAGWX37UHs3Fj0tXTF6/aqiGlfdSGVkHVLXbG/wEACt4iw8v8M8fO/zB1JofCXtiZMP8jF6qyNKstuUCrNqk9W/g7Y9Ie1lm7x s8JFwYERWzS8AlX9ZoDsigKXbv1LRb39IOssye//gosBqpTLYT2X9xEP0UpUyhosLKwCwCkul/8ILH5SuMYc/mFrRI EgSaV38pe8 dOfJX6vAGD57U l0Z3/wNH7B e4wxq0RHqv DWgqtQoBpupAMCKJDm2O9JuJbd/f3DOO6wMVHf8FlBFkj7eLBNgeWNFvYFsd6TTSvP q1mQKnCHNUjsKQoiG3du0UtVr2OMPk0BgBVJXvzpvXn9ak5gDRKRrdaerN/5CKCKJGW8XCbA8tKW6oN67O7s7uq2D6Ye90hoH/32RTZe wgtCtW7wohlFQBYZRVTeP323dI2BfYPTjwS2haF1VO/B1QKLQ82ZIAVrLWjhW2/QzrGHL9/cAisgUll/XWP0UsVQWqoWyLAUmdZ YC33y5dMzz/6ogaVvbm7/XnefNXXmF 0ZQCAKsppR3Os/1W2TRpXr aAqwMVG94HFA5tIipCyoAsAoKpfWy7TdLW9Kp wez7vS7LgEqrd7GGDfACtz1R9 Yn99 q6BuxNaoesnLsvGWAS0Kgdsf3PIAVnCWHl7QH9r5 e1GJOul2hNZPwOoAnc93OUBrHC9zVb2x1PZ3ZU9lnjjzN9oUQjc7uCXB7ACt/jR10jnXc8BqsBtjmZ5ACsaq1koCuhXAGDp95AVoEA0CgCsaKxmoSigXwGApd9DVoAC0SgAsKKxmoWigH4FAJZ D1kBCkSjAMCKxmoWigL6Ffg/kTFhtWJBxAwAAAAASUVORK5CYII=,extensions:ANGLE_instanced_arrays;EXT_blend_minmax;EXT_color_buffer_half_float;EXT_disjoint_timer_query;EXT_float_blend;EXT_frag_depth;EXT_shader_texture_lod;EXT_texture_compression_bptc;EXT_texture_compression_rgtc;EXT_texture_filter_anisotropic;WEBKIT_EXT_texture_filter_anisotropic;EXT_sRGB;KHR_parallel_shader_compile;OES_element_index_uint;OES_fbo_render_mipmap;OES_standard_derivatives;OES_texture_float;OES_texture_float_linear;OES_texture_half_float;OES_texture_half_float_linear;OES_vertex_array_object;WEBGL_color_buffer_float;WEBGL_compressed_texture_s3tc;WEBKIT_WEBGL_compressed_texture_s3tc;WEBGL_compressed_texture_s3tc_srgb;WEBGL_debug_renderer_info;WEBGL_debug_shaders;WEBGL_depth_texture;WEBKIT_WEBGL_depth_texture;WEBGL_draw_buffers;WEBGL_lose_context;WEBKIT_WEBGL_lose_context,webgl aliased line width range:[1, 1],webgl aliased point size range:[1, 1024],webgl alpha bits:8,webgl antialiasing:yes,webgl blue bits:8,webgl depth bits:24,webgl green bits:8,webgl max anisotropy:16,webgl max combined texture image units:32,webgl max cube map texture size:16384,webgl max fragment uniform vectors:1024,webgl max render buffer size:16384,webgl max texture image units:16,webgl max texture size:16384,webgl max varying vectors:30,webgl max vertex attribs:16,webgl max vertex texture image units:16,webgl max vertex uniform vectors:4095,webgl max viewport dims:[32767, 32767],webgl red bits:8,webgl renderer:WebKit WebGL,webgl shading language version:WebGL GLSL ES 1.0 (OpenGL ES GLSL ES 1.0 Chromium),webgl stencil bits:0,webgl vendor:WebKit,webgl version:WebGL 1.0 (OpenGL ES 2.0 Chromium),webgl unmasked vendor:Google Inc.,webgl unmasked renderer:ANGLE (NVIDIA GeForce GTX 980 Ti Direct3D11 vs_5_0 ps_5_0),webgl vertex shader high float precision:23,webgl vertex shader high float precision rangeMin:127,webgl vertex shader high float precision rangeMax:127,webgl vertex shader medium float precision:23,webgl vertex shader medium float precision rangeMin:127,webgl vertex shader medium float precision rangeMax:127,webgl vertex shader low float precision:23,webgl vertex shader low float precision rangeMin:127,webgl vertex shader low float precision rangeMax:127,webgl fragment shader high float precision:23,webgl fragment shader high float precision rangeMin:127,webgl fragment shader high float precision rangeMax:127,webgl fragment shader medium float precision:23,webgl fragment shader medium float precision rangeMin:127,webgl fragment shader medium float precision rangeMax:127,webgl fragment shader low float precision:23,webgl fragment shader low float precision rangeMin:127,webgl fragment shader low float precision rangeMax:127,webgl vertex shader high int precision:0,webgl vertex shader high int precision rangeMin:31,webgl vertex shader high int precision rangeMax:30,webgl vertex shader medium int precision:0,webgl vertex shader medium int precision rangeMin:31,webgl vertex shader medium int precision rangeMax:30,webgl vertex shader low int precision:0,webgl vertex shader low int precision rangeMin:31,webgl vertex shader low int precision rangeMax:30,webgl fragment shader high int precision:0,webgl fragment shader high int precision rangeMin:31,webgl fragment shader high int precision rangeMax:30,webgl fragment shader medium int precision:0,webgl fragment shader medium int precision rangeMin:31,webgl fragment shader medium int precision rangeMax:30,webgl fragment shader low int precision:0,webgl fragment shader low int precision rangeMin:31,webgl fragment shader low int precision rangeMax:30
webglVendorAndRenderer __ Google Inc.~ANGLE (NVIDIA GeForce GTX 980 Ti Direct3D11 vs_5_0 ps_5_0)
adBlock __ false
hasLiedLanguages __ false
hasLiedResolution __ false
hasLiedOs __ false
hasLiedBrowser __ false
touchSupport __ 0,false,false
fonts __ Arial,Arial Black,Arial Narrow,Book Antiqua,Bookman Old Style,Calibri,Cambria,Cambria Math,Century,Century Gothic,Century Schoolbook,Comic Sans MS,Consolas,Courier,Courier New,Georgia,Helvetica,Impact,Lucida Bright,Lucida Calligraphy,Lucida Console,Lucida Fax,Lucida Handwriting,Lucida Sans,Lucida Sans Typewriter,Lucida Sans Unicode,Microsoft Sans Serif,Monotype Corsiva,MS Gothic,MS PGothic,MS Reference Sans Serif,MS Sans Serif,MS Serif,Palatino Linotype,Segoe Print,Segoe Script,Segoe UI,Segoe UI Light,Segoe UI Semibold,Segoe UI Symbol,Tahoma,Times,Times New Roman,Trebuchet MS,Verdana,Wingdings,Wingdings 2,Wingdings 3
audio __ 124.04347527516074
"
